review_id,order_id,rating,comment,review_date
R00001,O01744,5,will buy again,2026-06-09
R00002,O02197,4,overall good,2026-02-05
R00003,O01729,5,good value,2026-02-05
R00004,O03338,4,service is nice,2026-04-29
R00005,O00299,4,overall good,2026-04-02
R00006,O01838,4,price is acceptable,2026-04-28
R00007,O04017,3,delivery was slow,2026-04-06
R00008,O00352,5,good value,2026-05-14
R00009,O03316,3,average experience,2026-06-25
R00010,O02459,4,overall good,2026-02-04
R00011,O01030,3,average experience,2026-06-03
R00012,O02320,4,price is acceptable,2026-01-25
R00013,O01478,4,price is acceptable,2026-05-25
R00014,O03774,4,price is acceptable,2026-01-02
R00015,O02903,4,service is nice,2026-02-27
R00016,O02293,4,service is nice,2026-04-11
R00017,O03572,4,price is acceptable,2026-01-29
R00018,O00498,3,average experience,2026-05-03
R00019,O01996,3,packaging can improve,2026-01-16
R00020,O00735,3,packaging can improve,2026-01-13
R00021,O03253,4,overall good,2026-03-25
R00022,O01048,4,price is acceptable,2026-03-14
R00023,O01033,4,overall good,2026-06-10
R00024,O02654,4,service is nice,2026-03-08
R00025,O02461,4,service is nice,2026-03-16
R00026,O03726,2,bad packaging,2026-06-24
R00027,O02184,5,will buy again,2026-01-12
R00028,O01089,5,will buy again,2026-05-10
R00029,O00600,4,service is nice,2026-01-13
R00030,O02260,3,packaging can improve,2026-02-07
R00031,O00297,5,quality is stable,2026-06-02
R00032,O02592,5,fast delivery,2026-02-02
R00033,O02777,4,price is acceptable,2026-05-08
R00034,O00315,3,packaging can improve,2026-03-28
R00035,O00839,4,overall good,2026-02-22
R00036,O02064,5,quality is stable,2026-04-13
R00037,O00795,2,bad packaging,2026-06-13
R00038,O01019,5,quality is stable,2026-03-11
R00039,O02329,5,fast delivery,2026-06-04
R00040,O00752,5,will buy again,2026-04-28
R00041,O04105,4,service is nice,2026-01-12
R00042,O02541,4,price is acceptable,2026-06-06
R00043,O00812,5,good value,2026-01-10
R00044,O00097,5,good value,2026-02-02
R00045,O01452,4,price is acceptable,2026-01-21
R00046,O00176,5,good value,2026-06-11
R00047,O02340,4,overall good,2026-01-26
R00048,O02460,5,fast delivery,2026-04-27
R00049,O01158,3,delivery was slow,2026-01-27
R00050,O00762,4,service is nice,2026-06-07
R00051,O01784,4,price is acceptable,2026-06-28
R00052,O02578,5,will buy again,2026-05-17
R00053,O01042,5,quality is stable,2026-05-31
R00054,O03760,1,refund requested,2026-02-16
R00055,O01534,5,fast delivery,2026-02-14
R00056,O00145,2,quality issue,2026-04-08
R00057,O00110,5,good value,2026-05-24
R00058,O01510,3,average experience,2026-06-25
R00059,O00866,5,quality is stable,2026-04-26
R00060,O04048,5,quality is stable,2026-01-31
R00061,O03787,5,good value,2026-03-23
R00062,O01422,5,quality is stable,2026-05-23
R00063,O02495,5,good value,2026-03-24
R00064,O00595,4,service is nice,2026-06-24
R00065,O00694,3,packaging can improve,2026-03-06
R00066,O01955,5,fast delivery,2026-04-12
R00067,O01946,5,will buy again,2026-05-26
R00068,O00791,5,quality is stable,2026-02-11
R00069,O01968,1,damaged item,2026-02-22
R00070,O03101,3,average experience,2026-05-26
R00071,O03671,5,fast delivery,2026-06-11
R00072,O04126,4,price is acceptable,2026-05-25
R00073,O02579,1,refund requested,2026-03-28
R00074,O00085,2,quality issue,2026-02-21
R00075,O01062,5,will buy again,2026-04-22
R00076,O03747,5,fast delivery,2026-01-07
R00077,O00433,3,delivery was slow,2026-02-17
R00078,O02631,5,will buy again,2026-02-24
R00079,O01599,3,delivery was slow,2026-05-27
R00080,O01211,5,quality is stable,2026-04-11
R00081,O02096,1,damaged item,2026-03-27
R00082,O00180,4,price is acceptable,2026-02-26
R00083,O02728,5,will buy again,2026-03-13
R00084,O00185,5,will buy again,2026-04-06
R00085,O00221,5,fast delivery,2026-02-01
R00086,O03046,4,overall good,2026-03-25
R00087,O01814,4,price is acceptable,2026-06-28
R00088,O00681,3,delivery was slow,2026-03-09
R00089,O02440,5,quality is stable,2026-04-08
R00090,O02213,4,price is acceptable,2026-03-01
R00091,O00158,3,average experience,2026-06-14
R00092,O00189,5,quality is stable,2026-01-26
R00093,O04192,5,will buy again,2026-05-31
R00094,O00843,5,good value,2026-06-15
R00095,O02097,4,overall good,2026-02-14
R00096,O03974,4,overall good,2026-05-03
R00097,O04097,3,delivery was slow,2026-06-16
R00098,O01692,5,fast delivery,2026-06-27
R00099,O03270,5,quality is stable,2026-06-21
R00100,O04029,3,packaging can improve,2026-01-11
R00101,O00275,4,service is nice,2026-05-24
R00102,O01164,5,will buy again,2026-01-20
R00103,O03806,4,overall good,2026-06-20
R00104,O00565,4,overall good,2026-04-22
R00105,O02637,5,good value,2026-02-15
R00106,O01611,4,overall good,2026-06-28
R00107,O02334,4,service is nice,2026-01-09
R00108,O02379,4,price is acceptable,2026-05-21
R00109,O01792,5,fast delivery,2026-06-25
R00110,O00556,2,quality issue,2026-01-04
R00111,O01163,1,damaged item,2026-03-10
R00112,O03954,5,fast delivery,2026-05-24
R00113,O02506,3,delivery was slow,2026-02-28
R00114,O00167,5,will buy again,2026-03-28
R00115,O00212,4,overall good,2026-06-16
R00116,O02352,5,good value,2026-01-15
R00117,O03574,2,quality issue,2026-03-03
R00118,O02190,5,will buy again,2026-02-20
R00119,O04068,4,overall good,2026-03-16
R00120,O03824,5,will buy again,2026-02-10
R00121,O03972,3,delivery was slow,2026-05-23
R00122,O01379,5,good value,2026-02-21
R00123,O03687,4,price is acceptable,2026-05-10
R00124,O02212,5,good value,2026-05-26
R00125,O00372,5,quality is stable,2026-04-05
R00126,O02583,3,delivery was slow,2026-03-04
R00127,O03168,5,will buy again,2026-04-16
R00128,O00071,5,quality is stable,2026-01-03
R00129,O00890,4,service is nice,2026-05-01
R00130,O02400,3,average experience,2026-03-20
R00131,O01438,2,not worth the price,2026-02-22
R00132,O00034,4,price is acceptable,2026-04-22
R00133,O00009,4,service is nice,2026-01-18
R00134,O00506,4,service is nice,2026-03-16
R00135,O02772,4,overall good,2026-01-27
R00136,O00150,4,service is nice,2026-04-16
R00137,O02165,3,delivery was slow,2026-05-24
R00138,O03540,5,fast delivery,2026-03-13
R00139,O00491,5,quality is stable,2026-04-29
R00140,O02887,5,will buy again,2026-03-18
R00141,O00439,2,bad packaging,2026-04-13
R00142,O00539,5,quality is stable,2026-06-17
R00143,O00271,5,fast delivery,2026-05-21
R00144,O02003,3,packaging can improve,2026-06-23
R00145,O02535,3,packaging can improve,2026-02-23
R00146,O01045,5,will buy again,2026-05-08
R00147,O03387,3,delivery was slow,2026-03-24
R00148,O02998,5,fast delivery,2026-01-16
R00149,O00151,5,good value,2026-05-12
R00150,O00206,2,bad packaging,2026-05-22
R00151,O01511,4,price is acceptable,2026-06-22
R00152,O00458,3,packaging can improve,2026-04-26
R00153,O01591,5,quality is stable,2026-05-17
R00154,O04093,3,delivery was slow,2026-04-14
R00155,O02687,5,will buy again,2026-01-23
R00156,O04120,5,good value,2026-02-12
R00157,O01043,3,delivery was slow,2026-02-05
R00158,O02070,5,will buy again,2026-04-07
R00159,O01973,4,service is nice,2026-02-26
R00160,O02045,4,overall good,2026-04-14
R00161,O01186,2,bad packaging,2026-06-06
R00162,O02737,4,overall good,2026-02-18
R00163,O01114,5,will buy again,2026-04-02
R00164,O03433,3,packaging can improve,2026-03-04
R00165,O01458,5,good value,2026-03-11
R00166,O00916,2,bad packaging,2026-06-03
R00167,O03166,5,fast delivery,2026-06-19
R00168,O01780,4,overall good,2026-01-12
R00169,O00692,5,quality is stable,2026-03-02
R00170,O00495,4,service is nice,2026-02-12
R00171,O03886,2,quality issue,2026-05-09
R00172,O03601,5,quality is stable,2026-03-04
R00173,O00950,5,good value,2026-03-28
R00174,O00765,4,price is acceptable,2026-01-22
R00175,O00409,5,good value,2026-03-03
R00176,O02229,4,overall good,2026-02-04
R00177,O03022,5,will buy again,2026-04-18
R00178,O03741,4,price is acceptable,2026-01-08
R00179,O01222,4,service is nice,2026-05-22
R00180,O03805,4,overall good,2026-06-27
R00181,O00018,5,fast delivery,2026-06-22
R00182,O03758,5,good value,2026-04-18
R00183,O02113,5,quality is stable,2026-06-08
R00184,O01188,1,damaged item,2026-04-21
R00185,O02625,4,overall good,2026-04-19
R00186,O01378,4,overall good,2026-03-07
R00187,O01352,4,overall good,2026-02-21
R00188,O03727,4,service is nice,2026-06-07
R00189,O02099,5,quality is stable,2026-03-23
R00190,O00603,5,quality is stable,2026-01-20
R00191,O04190,5,good value,2026-06-21
R00192,O03135,3,packaging can improve,2026-02-17
R00193,O01413,5,fast delivery,2026-04-06
R00194,O03785,4,service is nice,2026-05-08
R00195,O00070,3,delivery was slow,2026-01-29
R00196,O03777,4,overall good,2026-04-17
R00197,O01000,5,quality is stable,2026-04-09
R00198,O02790,4,price is acceptable,2026-03-01
R00199,O01322,4,price is acceptable,2026-02-18
R00200,O00683,5,good value,2026-03-27
R00201,O03850,5,will buy again,2026-02-24
R00202,O03058,2,quality issue,2026-03-05
R00203,O02203,5,will buy again,2026-04-19
R00204,O03464,5,quality is stable,2026-04-18
R00205,O02857,4,overall good,2026-03-09
R00206,O00908,4,price is acceptable,2026-05-25
R00207,O03099,4,price is acceptable,2026-04-23
R00208,O01053,2,bad packaging,2026-04-03
R00209,O03555,4,service is nice,2026-06-02
R00210,O03761,2,bad packaging,2026-02-22
R00211,O02650,4,price is acceptable,2026-06-05
R00212,O03289,4,overall good,2026-06-27
R00213,O01256,5,fast delivery,2026-01-28
R00214,O02006,3,packaging can improve,2026-04-14
R00215,O02128,5,good value,2026-01-09
R00216,O04140,2,quality issue,2026-03-17
R00217,O03376,5,quality is stable,2026-05-11
R00218,O00747,5,good value,2026-04-09
R00219,O00197,2,not worth the price,2026-03-25
R00220,O02624,5,quality is stable,2026-04-19
R00221,O00721,5,will buy again,2026-05-14
R00222,O02357,4,price is acceptable,2026-03-09
R00223,O02940,5,good value,2026-06-08
R00224,O02766,3,delivery was slow,2026-06-18
R00225,O00015,5,fast delivery,2026-02-05
R00226,O00677,5,quality is stable,2026-05-29
R00227,O04200,5,will buy again,2026-04-25
R00228,O02092,5,fast delivery,2026-05-28
R00229,O01477,5,good value,2026-05-11
R00230,O02987,4,price is acceptable,2026-06-02
R00231,O00977,4,overall good,2026-06-09
R00232,O02760,5,will buy again,2026-04-22
R00233,O00808,4,service is nice,2026-05-29
R00234,O01840,4,overall good,2026-05-07
R00235,O04012,3,delivery was slow,2026-06-09
R00236,O03742,4,price is acceptable,2026-06-12
R00237,O02365,5,fast delivery,2026-06-10
R00238,O01733,2,quality issue,2026-03-26
R00239,O01804,5,good value,2026-03-04
R00240,O01394,4,price is acceptable,2026-02-25
R00241,O03716,5,good value,2026-01-23
R00242,O02642,3,packaging can improve,2026-02-20
R00243,O01430,4,overall good,2026-03-25
R00244,O04081,5,good value,2026-06-16
R00245,O02801,3,packaging can improve,2026-04-17
R00246,O03505,5,good value,2026-02-25
R00247,O00331,5,good value,2026-02-16
R00248,O00502,4,overall good,2026-05-06
R00249,O00309,4,overall good,2026-02-18
R00250,O00651,3,delivery was slow,2026-01-25
R00251,O03638,3,average experience,2026-02-05
R00252,O01954,3,average experience,2026-04-11
R00253,O01339,5,fast delivery,2026-04-18
R00254,O00319,1,damaged item,2026-04-15
R00255,O03210,4,overall good,2026-02-07
R00256,O00239,5,will buy again,2026-06-09
R00257,O03698,5,fast delivery,2026-05-05
R00258,O02024,3,packaging can improve,2026-01-26
R00259,O03419,1,refund requested,2026-02-18
R00260,O01236,3,average experience,2026-02-25
R00261,O02023,5,good value,2026-05-02
R00262,O01513,4,price is acceptable,2026-01-04
R00263,O01076,4,overall good,2026-01-28
R00264,O02659,3,delivery was slow,2026-03-24
R00265,O02497,4,service is nice,2026-01-24
R00266,O03816,5,fast delivery,2026-06-04
R00267,O01072,4,overall good,2026-02-17
R00268,O03910,4,service is nice,2026-01-04
R00269,O00133,4,service is nice,2026-01-29
R00270,O02464,5,will buy again,2026-04-25
R00271,O02160,5,fast delivery,2026-06-08
R00272,O03385,4,price is acceptable,2026-01-18
R00273,O03330,4,price is acceptable,2026-04-23
R00274,O00904,4,service is nice,2026-02-22
R00275,O00830,5,will buy again,2026-01-29
R00276,O01109,4,service is nice,2026-01-14
R00277,O00719,4,price is acceptable,2026-04-28
R00278,O02546,5,good value,2026-06-27
R00279,O01221,2,quality issue,2026-04-16
R00280,O02789,5,good value,2026-03-04
R00281,O00756,4,service is nice,2026-03-31
R00282,O00970,3,packaging can improve,2026-03-05
R00283,O02335,1,refund requested,2026-05-24
R00284,O02286,5,quality is stable,2026-06-19
R00285,O01346,3,delivery was slow,2026-01-16
R00286,O03648,4,service is nice,2026-04-27
R00287,O01374,4,overall good,2026-01-24
R00288,O03071,4,overall good,2026-05-13
R00289,O00367,4,service is nice,2026-01-08
R00290,O01445,3,delivery was slow,2026-06-20
R00291,O03860,1,damaged item,2026-04-27
R00292,O02630,4,service is nice,2026-04-28
R00293,O00135,4,service is nice,2026-04-24
R00294,O01405,5,good value,2026-03-15
R00295,O02958,5,fast delivery,2026-01-11
R00296,O01753,5,fast delivery,2026-03-03
R00297,O02802,3,average experience,2026-04-19
R00298,O00585,4,price is acceptable,2026-04-28
R00299,O01789,5,quality is stable,2026-06-21
R00300,O01018,5,will buy again,2026-05-05
R00301,O03436,5,fast delivery,2026-03-23
R00302,O00033,3,average experience,2026-05-26
R00303,O02380,4,price is acceptable,2026-02-26
R00304,O03356,5,quality is stable,2026-06-22
R00305,O01776,5,fast delivery,2026-01-19
R00306,O03047,4,price is acceptable,2026-06-26
R00307,O02677,3,packaging can improve,2026-03-27
R00308,O03631,4,price is acceptable,2026-03-05
R00309,O02294,2,quality issue,2026-01-30
R00310,O02699,5,quality is stable,2026-06-02
R00311,O01867,3,delivery was slow,2026-04-13
R00312,O03833,4,service is nice,2026-05-29
R00313,O01367,5,fast delivery,2026-01-25
R00314,O01581,3,packaging can improve,2026-06-25
R00315,O01663,3,average experience,2026-02-22
R00316,O00889,5,quality is stable,2026-05-12
R00317,O01673,3,average experience,2026-03-03
R00318,O02341,4,service is nice,2026-01-12
R00319,O02231,5,good value,2026-05-19
R00320,O02105,5,quality is stable,2026-03-14
R00321,O02742,4,service is nice,2026-06-21
R00322,O00230,5,quality is stable,2026-01-15
R00323,O01469,3,delivery was slow,2026-01-29
R00324,O02997,3,packaging can improve,2026-04-04
R00325,O00171,5,will buy again,2026-03-25
R00326,O03454,1,damaged item,2026-01-20
R00327,O02488,4,price is acceptable,2026-05-15
R00328,O04102,5,will buy again,2026-05-03
R00329,O03094,4,price is acceptable,2026-04-30
R00330,O02030,5,will buy again,2026-05-21
R00331,O00512,3,packaging can improve,2026-06-27
R00332,O03367,2,quality issue,2026-04-25
R00333,O00577,3,average experience,2026-04-17
R00334,O02926,3,average experience,2026-01-08
R00335,O00786,1,refund requested,2026-04-16
R00336,O01097,5,quality is stable,2026-04-01
R00337,O03389,5,quality is stable,2026-04-27
R00338,O03794,5,good value,2026-06-27
R00339,O01516,5,good value,2026-05-16
R00340,O00046,4,price is acceptable,2026-03-23
R00341,O00507,5,quality is stable,2026-01-28
R00342,O02179,3,delivery was slow,2026-01-14
R00343,O01208,5,good value,2026-04-24
R00344,O00044,5,good value,2026-05-04
R00345,O03518,4,service is nice,2026-02-13
R00346,O01323,4,service is nice,2026-02-27
R00347,O02986,3,average experience,2026-05-08
R00348,O02770,4,price is acceptable,2026-05-22
R00349,O02290,1,refund requested,2026-06-18
R00350,O04013,4,overall good,2026-05-11
R00351,O00552,5,will buy again,2026-02-14
R00352,O02837,4,price is acceptable,2026-06-25
R00353,O01234,4,service is nice,2026-05-04
R00354,O00252,1,very disappointed,2026-04-25
R00355,O03810,3,delivery was slow,2026-06-24
R00356,O03745,3,packaging can improve,2026-01-11
R00357,O00844,4,price is acceptable,2026-03-31
R00358,O03898,5,good value,2026-06-25
R00359,O00911,5,will buy again,2026-01-08
R00360,O03346,5,will buy again,2026-02-08
R00361,O00326,2,quality issue,2026-05-10
R00362,O02881,5,fast delivery,2026-02-24
R00363,O02527,4,price is acceptable,2026-03-23
R00364,O00464,2,quality issue,2026-05-13
R00365,O02087,4,service is nice,2026-01-21
R00366,O02132,5,will buy again,2026-05-19
R00367,O01175,5,fast delivery,2026-04-15
R00368,O00745,1,very disappointed,2026-03-23
R00369,O03545,5,good value,2026-05-21
R00370,O01843,5,quality is stable,2025-12-31
R00371,O01039,4,service is nice,2026-01-24
R00372,O02415,5,will buy again,2026-04-22
R00373,O03012,5,good value,2026-05-27
R00374,O01748,5,good value,2026-06-13
R00375,O00310,4,service is nice,2026-06-21
R00376,O02836,5,will buy again,2026-02-21
R00377,O01778,3,delivery was slow,2026-06-05
R00378,O03300,1,very disappointed,2026-04-17
R00379,O02054,4,price is acceptable,2026-03-24
R00380,O03703,5,fast delivery,2026-03-28
R00381,O02241,4,price is acceptable,2026-02-20
R00382,O03103,4,price is acceptable,2026-03-12
R00383,O00804,5,quality is stable,2026-05-13
R00384,O00496,2,bad packaging,2026-04-13
R00385,O02611,5,good value,2026-04-13
R00386,O00472,5,will buy again,2026-01-14
R00387,O02016,3,packaging can improve,2026-04-16
R00388,O03843,4,service is nice,2026-06-23
R00389,O02729,5,will buy again,2026-02-24
R00390,O01972,5,fast delivery,2026-06-19
R00391,O03872,4,service is nice,2026-01-20
R00392,O00706,4,overall good,2026-01-05
R00393,O01282,3,delivery was slow,2026-05-04
R00394,O02673,5,quality is stable,2026-04-07
R00395,O01850,4,service is nice,2026-04-15
R00396,O00880,5,good value,2026-03-27
R00397,O01160,4,overall good,2026-06-28
R00398,O02020,4,overall good,2026-05-10
R00399,O02571,4,service is nice,2026-01-19
R00400,O03455,4,price is acceptable,2026-06-19
R00401,O03772,3,average experience,2026-02-10
R00402,O02580,3,average experience,2026-04-11
R00403,O01259,5,quality is stable,2026-03-11
R00404,O02588,1,refund requested,2026-03-22
R00405,O00094,4,overall good,2026-02-06
R00406,O03869,1,damaged item,2026-04-29
R00407,O02621,2,quality issue,2026-02-27
R00408,O02556,5,quality is stable,2026-01-03
R00409,O03218,5,quality is stable,2026-03-28
R00410,O00024,4,price is acceptable,2026-06-05
R00411,O03784,4,overall good,2026-05-01
R00412,O02217,3,packaging can improve,2026-06-14
R00413,O02469,3,packaging can improve,2026-01-13
R00414,O01393,4,service is nice,2026-05-05
R00415,O01468,5,fast delivery,2026-01-23
R00416,O03950,5,fast delivery,2026-06-24
R00417,O00175,4,overall good,2026-03-21
R00418,O00394,3,packaging can improve,2026-04-02
R00419,O03722,2,not worth the price,2026-06-24
R00420,O03714,5,quality is stable,2026-02-27
R00421,O00316,5,will buy again,2026-06-26
R00422,O03329,4,price is acceptable,2026-04-27
R00423,O01449,5,fast delivery,2026-06-27
R00424,O00218,5,fast delivery,2026-01-11
R00425,O03079,2,quality issue,2026-02-10
R00426,O03174,3,delivery was slow,2026-02-08
R00427,O03855,5,good value,2026-02-25
R00428,O01035,3,average experience,2026-03-21
R00429,O04094,5,quality is stable,2026-03-20
R00430,O01423,5,quality is stable,2026-04-28
R00431,O03127,1,refund requested,2026-01-17
R00432,O01875,4,price is acceptable,2026-03-05
R00433,O02183,5,fast delivery,2026-02-14
R00434,O01363,3,packaging can improve,2026-05-25
R00435,O03214,5,quality is stable,2026-05-04
R00436,O01229,3,delivery was slow,2026-06-12
R00437,O03991,1,refund requested,2026-06-02
R00438,O00100,2,quality issue,2026-04-11
R00439,O02794,5,quality is stable,2026-05-05
R00440,O03965,2,bad packaging,2026-02-03
R00441,O00411,2,quality issue,2026-06-01
R00442,O01341,4,price is acceptable,2026-03-04
R00443,O01004,5,fast delivery,2026-06-10
R00444,O01667,4,service is nice,2026-03-27
R00445,O00569,4,service is nice,2026-06-01
R00446,O00121,3,packaging can improve,2026-06-11
R00447,O01345,5,will buy again,2026-04-14
R00448,O00813,1,very disappointed,2026-03-16
R00449,O00157,4,service is nice,2026-01-07
R00450,O02437,2,bad packaging,2025-12-31
R00451,O03809,5,good value,2026-01-09
R00452,O02296,5,quality is stable,2026-04-13
R00453,O01538,4,overall good,2026-03-15
R00454,O03519,4,service is nice,2026-04-26
R00455,O03881,4,price is acceptable,2026-02-13
R00456,O04185,1,refund requested,2026-01-22
R00457,O00306,5,good value,2026-01-16
R00458,O01619,4,overall good,2026-02-09
R00459,O00732,5,will buy again,2026-01-29
R00460,O01412,1,damaged item,2026-03-11
R00461,O01299,2,quality issue,2026-06-22
R00462,O00643,2,bad packaging,2026-02-13
R00463,O00096,3,average experience,2026-01-24
R00464,O02339,2,not worth the price,2026-04-28
R00465,O02993,4,price is acceptable,2026-05-19
R00466,O03951,3,average experience,2026-04-18
R00467,O00241,2,quality issue,2026-05-09
R00468,O04125,2,not worth the price,2026-03-16
R00469,O03873,5,good value,2026-04-24
R00470,O02228,4,service is nice,2026-03-09
R00471,O01845,2,quality issue,2026-03-12
R00472,O03204,4,service is nice,2026-06-03
R00473,O01294,4,price is acceptable,2026-02-13
R00474,O01002,3,packaging can improve,2026-05-07
R00475,O03472,3,average experience,2026-06-03
R00476,O01085,4,overall good,2026-05-23
R00477,O03371,2,not worth the price,2026-05-20
R00478,O02917,5,good value,2026-01-21
R00479,O00462,5,good value,2026-05-03
R00480,O00415,5,quality is stable,2026-03-25
R00481,O03116,4,price is acceptable,2026-03-27
R00482,O01787,5,quality is stable,2026-06-16
R00483,O00466,4,service is nice,2026-06-06
R00484,O04008,2,not worth the price,2026-06-03
R00485,O03187,3,packaging can improve,2026-05-26
R00486,O01989,2,bad packaging,2026-04-10
R00487,O02761,2,not worth the price,2026-03-19
R00488,O00799,5,good value,2026-01-07
R00489,O01075,5,good value,2026-03-27
R00490,O00760,5,good value,2026-04-21
R00491,O03034,3,average experience,2026-05-26
R00492,O02634,4,service is nice,2026-03-31
R00493,O02255,5,quality is stable,2026-06-13
R00494,O01074,4,overall good,2026-01-13
R00495,O01139,2,not worth the price,2026-02-23
R00496,O02390,3,packaging can improve,2026-06-01
R00497,O00178,5,will buy again,2026-05-02
R00498,O03307,5,fast delivery,2026-02-05
R00499,O00597,5,quality is stable,2026-02-13
R00500,O03595,5,quality is stable,2026-05-03
R00501,O03517,5,fast delivery,2026-01-02
R00502,O00052,5,will buy again,2026-01-24
R00503,O02795,1,refund requested,2026-05-15
R00504,O03083,2,not worth the price,2026-05-02
R00505,O02424,5,good value,2026-04-19
R00506,O02125,5,fast delivery,2026-03-12
R00507,O00074,4,price is acceptable,2026-05-07
R00508,O02501,5,fast delivery,2026-03-21
R00509,O03278,5,fast delivery,2026-04-20
R00510,O02303,3,delivery was slow,2026-04-06
R00511,O02177,5,quality is stable,2026-06-09
R00512,O00599,5,fast delivery,2026-02-26
R00513,O02551,5,quality is stable,2026-02-02
R00514,O04164,5,will buy again,2026-01-30
R00515,O02808,1,damaged item,2026-05-02
R00516,O00053,5,will buy again,2026-01-02
R00517,O00403,4,price is acceptable,2026-03-19
R00518,O00437,4,service is nice,2026-04-15
R00519,O02518,5,fast delivery,2026-04-10
R00520,O01834,5,fast delivery,2026-02-19
R00521,O01427,4,service is nice,2026-04-12
R00522,O00027,4,service is nice,2026-04-17
R00523,O00215,1,refund requested,2026-05-20
R00524,O02448,5,quality is stable,2026-03-17
R00525,O02224,4,price is acceptable,2026-06-23
R00526,O00545,4,service is nice,2026-03-07
R00527,O04171,3,delivery was slow,2026-05-17
R00528,O03917,5,will buy again,2026-02-06
R00529,O00801,4,overall good,2026-01-31
R00530,O02708,4,overall good,2026-01-18
R00531,O02416,5,will buy again,2026-02-12
R00532,O00806,2,not worth the price,2026-01-15
R00533,O00322,5,fast delivery,2026-02-20
R00534,O01105,4,price is acceptable,2026-01-05
R00535,O03736,4,service is nice,2026-04-14
R00536,O02403,4,price is acceptable,2026-05-17
R00537,O03920,3,average experience,2026-03-25
R00538,O02381,5,will buy again,2026-06-06
R00539,O01187,4,price is acceptable,2026-02-01
R00540,O00528,5,will buy again,2026-05-27
R00541,O04033,3,average experience,2026-05-23
R00542,O03998,4,price is acceptable,2026-02-17
R00543,O02805,4,service is nice,2026-04-14
R00544,O00045,5,quality is stable,2026-01-16
R00545,O03078,3,packaging can improve,2026-02-17
R00546,O02122,5,quality is stable,2026-03-31
R00547,O00355,5,will buy again,2026-06-25
R00548,O02768,4,overall good,2026-04-12
R00549,O03408,3,delivery was slow,2026-02-05
R00550,O01289,4,service is nice,2026-04-08
R00551,O03267,5,quality is stable,2026-03-25
R00552,O01703,2,quality issue,2026-02-18
R00553,O03611,4,service is nice,2026-05-03
R00554,O00535,4,price is acceptable,2026-06-22
R00555,O02038,1,refund requested,2026-05-20
R00556,O03600,4,service is nice,2026-05-30
R00557,O01314,3,packaging can improve,2026-04-17
R00558,O00257,5,quality is stable,2026-06-22
R00559,O02155,4,overall good,2026-03-28
R00560,O02259,3,packaging can improve,2026-04-18
R00561,O01730,4,price is acceptable,2026-02-22
R00562,O01594,5,will buy again,2026-04-29
R00563,O02005,2,not worth the price,2026-05-31
R00564,O03876,5,quality is stable,2026-06-20
R00565,O04173,5,good value,2026-05-17
R00566,O00691,2,not worth the price,2026-05-24
R00567,O04083,4,price is acceptable,2026-01-12
R00568,O00292,3,average experience,2026-02-07
R00569,O03912,4,price is acceptable,2026-04-16
R00570,O03560,5,quality is stable,2026-02-25
R00571,O01243,5,fast delivery,2026-05-12
R00572,O01504,4,service is nice,2026-03-29
R00573,O00872,5,will buy again,2026-05-09
R00574,O00264,5,fast delivery,2026-05-04
R00575,O01819,4,overall good,2026-04-04
R00576,O02530,4,overall good,2026-04-28
R00577,O00606,4,overall good,2026-04-17
R00578,O02124,1,very disappointed,2026-02-18
R00579,O00057,5,good value,2026-02-23
R00580,O01028,4,overall good,2026-05-13
R00581,O01316,3,average experience,2026-03-29
R00582,O02874,4,price is acceptable,2026-04-17
R00583,O03317,5,fast delivery,2026-05-07
R00584,O00810,4,service is nice,2026-06-26
R00585,O02108,3,delivery was slow,2026-06-11
R00586,O01026,3,average experience,2026-04-03
R00587,O01414,3,delivery was slow,2026-05-03
R00588,O02360,5,fast delivery,2026-04-06
R00589,O01974,5,good value,2026-05-07
R00590,O01806,5,will buy again,2026-06-10
R00591,O01813,5,good value,2026-02-18
R00592,O02494,5,will buy again,2026-02-21
R00593,O01766,5,fast delivery,2026-04-03
R00594,O00013,4,overall good,2026-04-24
R00595,O01205,5,quality is stable,2026-04-29
R00596,O00323,4,price is acceptable,2026-06-07
R00597,O01752,5,good value,2026-06-13
R00598,O00619,5,quality is stable,2026-04-24
R00599,O03196,5,quality is stable,2026-01-06
R00600,O01870,4,service is nice,2026-06-27
R00601,O01537,3,packaging can improve,2026-06-04
R00602,O03342,2,not worth the price,2026-02-11
R00603,O03197,2,not worth the price,2026-03-21
R00604,O02477,4,service is nice,2026-02-27
R00605,O00671,3,average experience,2026-04-25
R00606,O01021,3,delivery was slow,2026-04-13
R00607,O03610,5,fast delivery,2026-02-01
R00608,O03225,4,service is nice,2026-04-03
R00609,O00656,1,refund requested,2026-05-22
R00610,O01331,5,quality is stable,2026-03-19
R00611,O03838,3,packaging can improve,2026-03-13
R00612,O02476,3,packaging can improve,2026-06-17
R00613,O00417,4,price is acceptable,2026-05-29
R00614,O01408,4,service is nice,2026-03-10
R00615,O03568,5,quality is stable,2026-06-06
R00616,O00228,5,will buy again,2026-04-18
R00617,O03788,4,price is acceptable,2026-05-22
R00618,O02662,4,price is acceptable,2026-01-16
R00619,O03383,5,will buy again,2026-02-04
R00620,O00870,5,quality is stable,2026-05-29
R00621,O01279,3,delivery was slow,2026-05-24
R00622,O03216,4,service is nice,2026-02-25
R00623,O02758,5,good value,2026-03-17
R00624,O03781,3,packaging can improve,2026-06-23
R00625,O00184,5,good value,2026-02-23
R00626,O02612,4,price is acceptable,2026-02-22
R00627,O01217,5,good value,2026-05-07
R00628,O00487,5,good value,2026-02-12
R00629,O01223,4,overall good,2026-06-13
R00630,O01653,5,good value,2026-03-11
R00631,O00140,4,price is acceptable,2026-01-10
R00632,O00734,2,not worth the price,2026-04-21
R00633,O00267,3,packaging can improve,2026-04-02
R00634,O02345,3,delivery was slow,2026-05-18
R00635,O03471,4,service is nice,2026-05-01
R00636,O00064,5,good value,2026-04-30
R00637,O02484,1,very disappointed,2026-05-17
R00638,O04055,4,price is acceptable,2026-02-22
R00639,O01897,4,price is acceptable,2026-02-26
R00640,O03964,5,good value,2026-05-04
R00641,O01095,4,price is acceptable,2026-06-10
R00642,O03550,4,service is nice,2026-05-29
R00643,O01506,5,quality is stable,2026-05-11
R00644,O03914,2,bad packaging,2026-02-06
R00645,O03908,3,delivery was slow,2026-04-16
R00646,O02338,4,overall good,2026-04-11
R00647,O03817,2,not worth the price,2026-03-12
R00648,O02647,5,quality is stable,2026-05-31
R00649,O02776,4,service is nice,2026-04-22
R00650,O02280,3,packaging can improve,2026-04-22
R00651,O01671,5,good value,2026-03-28
R00652,O02532,4,overall good,2026-02-15
R00653,O00280,5,fast delivery,2026-05-12
R00654,O02616,4,price is acceptable,2026-04-05
R00655,O03341,5,fast delivery,2026-03-23
R00656,O01724,3,packaging can improve,2026-01-17
R00657,O00359,3,delivery was slow,2026-06-15
R00658,O03059,5,fast delivery,2026-04-24
R00659,O00300,5,fast delivery,2026-05-24
R00660,O01069,4,price is acceptable,2026-05-02
R00661,O03353,4,service is nice,2026-02-17
R00662,O01433,5,quality is stable,2026-01-15
R00663,O01489,5,will buy again,2026-01-23
R00664,O03556,5,will buy again,2026-05-02
R00665,O01500,4,overall good,2026-06-21
R00666,O00416,3,delivery was slow,2026-05-20
R00667,O01873,5,quality is stable,2026-05-17
R00668,O01162,2,not worth the price,2026-04-02
R00669,O03770,5,will buy again,2026-06-15
R00670,O01179,3,average experience,2026-05-07
R00671,O02686,5,quality is stable,2026-02-01
R00672,O02171,3,packaging can improve,2026-01-07
R00673,O03440,5,quality is stable,2026-01-25
R00674,O01261,1,refund requested,2026-03-20
R00675,O03651,5,good value,2026-02-04
R00676,O02391,5,will buy again,2026-02-14
R00677,O01457,3,packaging can improve,2026-06-04
R00678,O01503,4,price is acceptable,2026-05-16
R00679,O01324,4,service is nice,2026-01-14
R00680,O03128,4,price is acceptable,2026-02-18
R00681,O00832,5,quality is stable,2026-05-22
R00682,O00059,5,fast delivery,2026-04-19
R00683,O00077,5,quality is stable,2026-04-08
R00684,O00369,4,overall good,2026-03-05
R00685,O04179,5,good value,2026-05-16
R00686,O02029,3,delivery was slow,2026-01-24
R00687,O03381,4,price is acceptable,2026-02-16
R00688,O03776,5,good value,2026-04-03
R00689,O02348,4,overall good,2026-02-06
R00690,O02511,4,price is acceptable,2026-06-06
R00691,O01587,5,fast delivery,2026-04-24
R00692,O02587,5,good value,2026-04-04
R00693,O01492,3,average experience,2026-06-24
R00694,O03903,3,average experience,2026-01-02
R00695,O02317,5,will buy again,2026-03-04
R00696,O02589,4,overall good,2026-05-09
R00697,O00125,5,quality is stable,2026-02-10
R00698,O03115,1,very disappointed,2026-01-05
R00699,O00803,3,average experience,2026-03-30
R00700,O01484,5,good value,2026-02-01
R00701,O02442,5,quality is stable,2026-03-11
R00702,O04134,4,price is acceptable,2026-03-25
R00703,O00430,5,quality is stable,2026-06-16
R00704,O03960,3,packaging can improve,2026-03-11
R00705,O00666,1,very disappointed,2026-05-07
R00706,O00933,4,price is acceptable,2026-06-25
R00707,O02032,4,overall good,2026-03-17
R00708,O02322,5,quality is stable,2026-02-06
R00709,O00443,4,service is nice,2026-06-05
R00710,O01432,3,delivery was slow,2026-06-28
R00711,O01147,5,fast delivery,2026-04-24
R00712,O00434,5,good value,2026-06-01
R00713,O01613,5,good value,2026-05-12
R00714,O00388,3,average experience,2026-02-24
R00715,O00031,5,quality is stable,2026-01-21
R00716,O03710,5,good value,2026-05-10
R00717,O00204,4,price is acceptable,2026-06-20
R00718,O03715,5,good value,2026-02-27
R00719,O01498,4,service is nice,2026-04-21
R00720,O02562,5,good value,2026-04-26
R00721,O04122,3,average experience,2026-05-01
R00722,O01768,5,will buy again,2026-04-20
R00723,O01722,5,quality is stable,2026-03-05
R00724,O03796,4,service is nice,2026-04-27
R00725,O02214,5,quality is stable,2026-02-09
R00726,O02882,4,price is acceptable,2026-02-12
R00727,O00479,1,very disappointed,2026-03-28
R00728,O00427,4,overall good,2026-05-26
R00729,O02980,2,not worth the price,2026-04-26
R00730,O00444,3,packaging can improve,2026-05-08
R00731,O02548,3,packaging can improve,2026-02-02
R00732,O02423,4,service is nice,2026-03-12
R00733,O01565,4,service is nice,2026-05-09
R00734,O02593,2,bad packaging,2026-04-29
R00735,O00193,5,quality is stable,2026-02-07
R00736,O00568,4,overall good,2026-06-12
R00737,O02938,5,good value,2026-04-07
R00738,O01124,3,packaging can improve,2026-05-22
R00739,O00007,5,quality is stable,2026-04-22
R00740,O03406,4,overall good,2026-05-20
R00741,O00440,4,service is nice,2026-05-13
R00742,O00290,1,damaged item,2026-02-11
R00743,O01181,5,good value,2026-01-29
R00744,O03215,5,will buy again,2026-01-10
R00745,O01056,5,fast delivery,2026-02-24
R00746,O01593,2,quality issue,2026-06-05
R00747,O01269,5,will buy again,2026-04-12
R00748,O03699,5,will buy again,2026-02-05
R00749,O02195,4,price is acceptable,2026-02-17
R00750,O01539,3,delivery was slow,2026-05-10
R00751,O02607,3,delivery was slow,2026-05-10
R00752,O02863,5,fast delivery,2026-02-18
R00753,O00811,3,packaging can improve,2026-01-30
R00754,O02666,3,delivery was slow,2026-05-26
R00755,O01715,4,service is nice,2026-06-23
R00756,O00195,4,price is acceptable,2026-02-13
R00757,O00451,4,price is acceptable,2026-06-09
R00758,O02936,4,price is acceptable,2026-02-01
R00759,O01296,4,service is nice,2026-06-14
R00760,O00030,3,delivery was slow,2026-04-14
R00761,O03521,4,overall good,2026-05-29
R00762,O01771,5,will buy again,2026-06-27
R00763,O03002,2,quality issue,2026-03-18
R00764,O02835,5,fast delivery,2026-02-23
R00765,O03693,4,overall good,2026-05-05
R00766,O00898,5,fast delivery,2026-01-30
R00767,O03025,5,will buy again,2026-04-18
R00768,O03199,3,packaging can improve,2026-06-25
R00769,O00961,5,good value,2026-02-08
R00770,O03942,3,delivery was slow,2026-05-14
R00771,O03995,1,very disappointed,2026-03-06
R00772,O01589,5,fast delivery,2026-01-30
R00773,O04079,4,overall good,2026-03-12
R00774,O04110,1,refund requested,2026-05-23
R00775,O00223,2,bad packaging,2026-04-25
R00776,O02226,2,quality issue,2026-04-07
R00777,O00894,4,overall good,2026-02-27
R00778,O00574,4,overall good,2026-02-22
R00779,O03504,5,quality is stable,2026-06-21
R00780,O03658,5,quality is stable,2026-05-25
R00781,O03509,5,fast delivery,2026-06-25
R00782,O03691,4,service is nice,2026-02-11
R00783,O01953,5,fast delivery,2026-02-24
R00784,O01065,1,damaged item,2026-06-19
R00785,O00081,4,price is acceptable,2026-01-22
R00786,O00258,2,quality issue,2026-01-31
R00787,O00296,5,will buy again,2026-04-18
R00788,O03293,5,fast delivery,2026-03-25
R00789,O02769,4,service is nice,2026-03-10
R00790,O03639,5,fast delivery,2026-06-14
R00791,O02019,4,price is acceptable,2026-02-14
R00792,O02978,3,delivery was slow,2026-02-03
R00793,O01540,5,quality is stable,2026-03-08
R00794,O03232,4,service is nice,2026-02-05
R00795,O04146,4,service is nice,2026-02-23
R00796,O00818,3,packaging can improve,2026-02-28
R00797,O03506,3,average experience,2026-06-01
R00798,O00938,4,price is acceptable,2026-04-19
R00799,O00863,3,average experience,2026-06-22
R00800,O00377,5,quality is stable,2026-05-25
R00801,O00713,3,packaging can improve,2026-04-26
R00802,O03092,3,average experience,2026-01-23
R00803,O03241,2,bad packaging,2026-02-07
R00804,O03104,5,quality is stable,2026-06-16
R00805,O01761,5,will buy again,2026-05-01
R00806,O00450,5,quality is stable,2026-01-13
R00807,O01392,2,bad packaging,2026-05-15
R00808,O01612,4,service is nice,2026-06-14
R00809,O03260,4,overall good,2026-03-23
R00810,O02623,3,packaging can improve,2026-05-25
R00811,O04103,4,overall good,2026-02-20
R00812,O00655,3,packaging can improve,2026-01-31
R00813,O02223,4,service is nice,2026-05-12
R00814,O03889,2,quality issue,2026-02-05
R00815,O02856,5,good value,2026-05-17
R00816,O00737,5,good value,2026-04-23
R00817,O02619,5,quality is stable,2026-01-31
R00818,O02475,1,damaged item,2026-01-29
R00819,O00412,4,price is acceptable,2026-06-08
R00820,O03467,4,service is nice,2026-02-03
R00821,O00858,5,quality is stable,2026-01-06
R00822,O03378,5,fast delivery,2026-05-23
R00823,O01371,5,will buy again,2026-04-14
R00824,O01675,5,quality is stable,2026-01-05
R00825,O03048,3,packaging can improve,2026-03-04
R00826,O01025,4,price is acceptable,2026-05-23
R00827,O01321,5,will buy again,2026-05-20
R00828,O00658,5,good value,2026-05-21
R00829,O01965,5,quality is stable,2026-02-05
R00830,O03695,4,price is acceptable,2026-01-28
R00831,O01879,2,quality issue,2026-01-17
R00832,O02482,3,packaging can improve,2026-02-02
R00833,O03053,4,price is acceptable,2026-04-27
R00834,O00965,5,will buy again,2026-06-11
R00835,O02025,4,price is acceptable,2026-05-30
R00836,O00153,5,quality is stable,2026-02-18
R00837,O01949,5,quality is stable,2026-05-14
R00838,O02752,4,price is acceptable,2026-04-27
R00839,O02149,5,will buy again,2026-05-13
R00840,O00103,5,fast delivery,2026-02-04
R00841,O02418,4,service is nice,2026-03-04
R00842,O03828,5,good value,2026-03-25
R00843,O00240,4,price is acceptable,2026-01-18
R00844,O03634,5,will buy again,2026-05-12
R00845,O01544,5,good value,2026-05-25
R00846,O00109,3,packaging can improve,2026-05-31
R00847,O01874,3,packaging can improve,2026-01-06
R00848,O03501,3,delivery was slow,2026-06-16
R00849,O02227,1,damaged item,2026-06-21
R00850,O03999,4,service is nice,2026-06-06
R00851,O01271,4,price is acceptable,2026-02-03
R00852,O03438,4,overall good,2026-04-10
R00853,O01455,5,will buy again,2026-06-19
R00854,O02463,4,overall good,2026-03-09
R00855,O03140,3,packaging can improve,2026-06-14
R00856,O01437,4,overall good,2026-02-01
R00857,O00333,5,quality is stable,2026-01-25
R00858,O03361,4,price is acceptable,2026-01-09
R00859,O02168,3,average experience,2026-03-24
R00860,O01357,3,delivery was slow,2026-06-15
R00861,O00882,4,price is acceptable,2026-02-22
R00862,O01614,4,overall good,2026-06-18
R00863,O03620,5,fast delivery,2026-02-18
R00864,O03642,3,delivery was slow,2026-05-21
R00865,O01351,4,service is nice,2026-03-30
R00866,O01214,4,service is nice,2026-02-28
R00867,O02479,5,fast delivery,2026-05-03
R00868,O02533,4,price is acceptable,2026-03-31
R00869,O02169,3,packaging can improve,2026-06-17
R00870,O01232,2,not worth the price,2026-06-17
R00871,O02207,5,quality is stable,2026-04-13
R00872,O00817,3,delivery was slow,2026-04-25
R00873,O02253,3,average experience,2026-02-03
R00874,O03592,4,overall good,2026-01-26
R00875,O00777,5,good value,2026-02-13
R00876,O03143,4,service is nice,2026-01-10
R00877,O02472,3,delivery was slow,2026-02-10
R00878,O02222,4,service is nice,2026-05-09
R00879,O02471,4,overall good,2026-01-14
R00880,O01290,5,quality is stable,2026-01-07
R00881,O02487,4,service is nice,2026-03-06
R00882,O01310,4,service is nice,2026-01-05
R00883,O02663,5,quality is stable,2026-04-01
R00884,O01809,5,fast delivery,2026-04-25
R00885,O04182,3,average experience,2026-04-07
R00886,O04156,5,good value,2026-06-14
R00887,O00865,5,quality is stable,2026-04-08
R00888,O02565,4,price is acceptable,2026-06-22
R00889,O00555,4,overall good,2026-04-09
R00890,O02089,5,will buy again,2026-04-25
R00891,O01107,5,fast delivery,2026-05-18
R00892,O03345,2,not worth the price,2026-06-10
R00893,O01428,1,damaged item,2026-06-06
R00894,O03535,4,overall good,2026-05-28
R00895,O03033,4,service is nice,2026-06-28
R00896,O03709,3,delivery was slow,2026-01-25
R00897,O02952,4,price is acceptable,2026-01-04
R00898,O03842,4,service is nice,2026-04-24
R00899,O03633,4,price is acceptable,2026-05-06
R00900,O01812,4,service is nice,2026-06-14
R00901,O01737,4,service is nice,2025-12-31
R00902,O04181,3,average experience,2026-04-28
R00903,O01057,5,fast delivery,2026-06-07
R00904,O00979,4,price is acceptable,2026-05-04
R00905,O00867,3,packaging can improve,2026-05-31
R00906,O00753,4,service is nice,2026-03-15
R00907,O01916,4,service is nice,2026-06-01
R00908,O03231,5,good value,2026-05-31
R00909,O03050,5,fast delivery,2026-02-01
R00910,O04054,5,will buy again,2026-04-10
R00911,O03379,5,good value,2026-05-17
R00912,O04131,4,overall good,2026-01-27
R00913,O01603,5,fast delivery,2026-01-06
R00914,O01908,5,quality is stable,2026-03-26
R00915,O01153,4,price is acceptable,2026-01-10
R00916,O00730,2,not worth the price,2026-05-23
R00917,O01129,5,fast delivery,2026-03-03
R00918,O01488,5,good value,2026-06-14
R00919,O01238,3,delivery was slow,2026-02-06
R00920,O00913,4,overall good,2026-04-04
R00921,O00722,5,fast delivery,2026-02-26
R00922,O02079,3,packaging can improve,2026-05-27
R00923,O01201,4,price is acceptable,2026-05-13
R00924,O01796,4,service is nice,2026-01-24
R00925,O01573,4,price is acceptable,2026-05-12
R00926,O02118,5,fast delivery,2026-06-27
R00927,O02831,5,good value,2026-01-02
R00928,O02373,5,good value,2026-04-12
R00929,O00347,4,service is nice,2026-05-01
R00930,O03402,4,price is acceptable,2026-01-13
R00931,O02828,5,fast delivery,2026-04-18
R00932,O01264,4,overall good,2026-03-18
R00933,O03766,5,quality is stable,2026-05-03
R00934,O00579,5,will buy again,2026-01-18
R00935,O03549,3,average experience,2026-03-03
R00936,O02963,5,will buy again,2026-01-20
R00937,O03089,2,not worth the price,2026-01-02
R00938,O01923,5,good value,2026-05-04
R00939,O01841,5,will buy again,2026-05-05
R00940,O01660,4,service is nice,2026-05-25
R00941,O03163,4,overall good,2026-05-12
R00942,O02727,5,good value,2026-06-12
R00943,O00179,3,packaging can improve,2026-03-23
R00944,O00669,4,price is acceptable,2026-04-29
R00945,O03449,5,will buy again,2026-05-09
R00946,O00788,5,fast delivery,2026-05-15
R00947,O01058,5,will buy again,2026-03-31
R00948,O00819,5,quality is stable,2026-06-14
R00949,O03478,3,average experience,2025-12-31
R00950,O01895,5,good value,2026-02-06
R00951,O04078,3,packaging can improve,2026-06-24
R00952,O00605,4,service is nice,2026-03-16
R00953,O01023,3,delivery was slow,2026-06-17
R00954,O00026,5,will buy again,2026-01-30
R00955,O03854,3,average experience,2026-06-22
R00956,O01007,4,service is nice,2026-05-20
R00957,O02414,4,service is nice,2026-05-17
R00958,O01165,5,will buy again,2026-06-20
R00959,O00174,5,will buy again,2026-02-20
R00960,O01111,5,will buy again,2025-12-31
R00961,O03304,5,good value,2026-05-15
R00962,O00332,1,refund requested,2026-04-12
R00963,O01190,5,fast delivery,2026-01-23
R00964,O00431,4,price is acceptable,2026-02-16
R00965,O00343,4,service is nice,2026-02-10
R00966,O03856,5,good value,2026-04-28
R00967,O03434,4,service is nice,2026-05-31
R00968,O01645,5,fast delivery,2026-01-18
R00969,O00480,5,good value,2026-01-25
R00970,O00728,3,delivery was slow,2026-01-13
R00971,O01740,1,refund requested,2026-06-05
R00972,O00991,5,quality is stable,2026-02-12
R00973,O02060,4,overall good,2026-02-20
R00974,O02577,1,damaged item,2026-02-22
R00975,O03044,5,good value,2026-02-11
R00976,O02458,5,will buy again,2026-04-07
R00977,O01150,5,quality is stable,2026-01-24
R00978,O04047,4,overall good,2026-05-02
R00979,O01533,5,fast delivery,2026-02-21
R00980,O02385,4,service is nice,2026-06-24
R00981,O03283,4,price is acceptable,2026-01-08
R00982,O03477,4,overall good,2026-02-11
R00983,O00325,5,quality is stable,2026-06-07
R00984,O02816,3,average experience,2026-04-22
R00985,O04062,1,refund requested,2026-01-29
R00986,O00469,5,will buy again,2026-04-11
R00987,O00562,3,delivery was slow,2026-03-27
R00988,O02104,5,will buy again,2026-03-15
R00989,O02178,1,very disappointed,2026-01-01
R00990,O01176,3,average experience,2026-02-14
R00991,O02248,5,good value,2026-01-14
R00992,O01174,5,quality is stable,2026-03-18
R00993,O01131,5,good value,2026-06-14
R00994,O01695,5,fast delivery,2026-01-24
R00995,O01189,4,overall good,2026-06-09
R00996,O00062,5,fast delivery,2026-03-02
R00997,O03882,4,overall good,2026-05-16
R00998,O02847,5,will buy again,2026-03-26
R00999,O02257,4,price is acceptable,2026-06-23
R01000,O00255,5,good value,2026-04-22
R01001,O02954,5,will buy again,2026-05-15
R01002,O01883,4,price is acceptable,2026-01-11
R01003,O03294,5,good value,2026-04-08
R01004,O02773,4,service is nice,2026-01-03
R01005,O00622,5,good value,2026-04-11
R01006,O03496,4,service is nice,2026-02-18
R01007,O03017,4,service is nice,2026-04-26
R01008,O04112,4,service is nice,2026-05-02
R01009,O02841,5,will buy again,2026-04-01
R01010,O02314,5,good value,2026-06-06
R01011,O00068,4,service is nice,2026-04-10
R01012,O01903,3,delivery was slow,2026-05-17
R01013,O01689,5,quality is stable,2026-02-10
R01014,O00222,5,good value,2026-04-17
R01015,O03028,4,overall good,2026-04-15
R01016,O03322,4,overall good,2026-01-10
R01017,O01193,5,will buy again,2026-02-18
R01018,O02604,5,quality is stable,2026-03-14
R01019,O03731,5,fast delivery,2026-02-19
R01020,O01475,4,price is acceptable,2026-06-22
R01021,O03064,4,overall good,2026-06-12
R01022,O00089,2,bad packaging,2026-03-15
R01023,O01676,3,packaging can improve,2026-04-15
R01024,O02499,5,will buy again,2026-06-07
R01025,O03961,5,will buy again,2026-01-18
R01026,O03932,5,quality is stable,2026-05-27
R01027,O01118,4,service is nice,2026-05-02
R01028,O01832,5,fast delivery,2026-02-23
R01029,O03949,5,will buy again,2026-01-22
R01030,O02555,4,price is acceptable,2026-02-10
R01031,O03586,4,overall good,2026-04-10
R01032,O02378,5,will buy again,2026-05-19
R01033,O03892,5,good value,2026-06-08
R01034,O02308,5,will buy again,2026-01-19
R01035,O03211,4,price is acceptable,2026-03-13
R01036,O03921,2,quality issue,2026-01-04
R01037,O03712,1,very disappointed,2026-01-18
R01038,O03980,4,price is acceptable,2026-04-20
R01039,O03922,4,price is acceptable,2026-01-03
R01040,O01847,5,good value,2026-02-13
R01041,O00284,4,price is acceptable,2026-01-29
R01042,O01746,4,overall good,2026-02-03
R01043,O02822,5,good value,2026-01-25
R01044,O01698,5,quality is stable,2026-01-17
R01045,O02975,4,price is acceptable,2026-01-10
R01046,O03958,4,price is acceptable,2026-04-15
R01047,O02712,5,quality is stable,2026-01-04
R01048,O04064,4,service is nice,2026-05-28
R01049,O03625,5,will buy again,2026-05-06
R01050,O00424,4,service is nice,2026-01-15
R01051,O03234,3,average experience,2026-01-28
R01052,O04137,4,overall good,2026-03-04
R01053,O02989,5,good value,2026-06-27
R01054,O00840,4,price is acceptable,2026-04-25
R01055,O00501,5,fast delivery,2026-03-19
R01056,O01300,4,service is nice,2026-02-13
R01057,O01262,4,price is acceptable,2026-04-26
R01058,O00550,5,will buy again,2026-03-26
R01059,O00558,4,price is acceptable,2026-05-28
R01060,O02858,4,service is nice,2026-01-27
R01061,O02068,4,price is acceptable,2026-01-27
R01062,O00219,5,fast delivery,2026-06-17
R01063,O01117,4,overall good,2025-12-31
R01064,O00210,3,delivery was slow,2026-03-21
R01065,O02431,4,price is acceptable,2026-06-02
R01066,O02370,5,quality is stable,2026-06-18
R01067,O03663,3,packaging can improve,2026-05-22
R01068,O01821,4,overall good,2026-03-23
R01069,O00949,4,overall good,2026-05-13
R01070,O03701,5,quality is stable,2026-02-15
R01071,O00533,4,price is acceptable,2026-03-10
R01072,O02845,5,fast delivery,2026-05-13
R01073,O01552,4,overall good,2026-02-26
R01074,O02131,5,good value,2026-01-26
R01075,O02531,4,service is nice,2026-01-29
R01076,O03883,4,price is acceptable,2026-02-23
R01077,O04016,3,average experience,2026-02-19
R01078,O03409,5,will buy again,2026-03-08
R01079,O00001,5,good value,2026-04-27
R01080,O03206,4,price is acceptable,2026-03-22
R01081,O04186,5,fast delivery,2026-01-04
R01082,O02496,2,quality issue,2026-02-28
R01083,O03271,5,will buy again,2026-05-06
R01084,O01830,4,price is acceptable,2026-02-20
R01085,O00248,4,service is nice,2026-06-09
R01086,O03861,5,will buy again,2026-04-09
R01087,O01899,5,good value,2026-05-02
R01088,O02586,5,quality is stable,2026-05-06
R01089,O02851,5,good value,2026-06-22
R01090,O03072,3,delivery was slow,2026-05-18
R01091,O01779,4,price is acceptable,2026-01-23
R01092,O03790,4,overall good,2026-06-27
R01093,O02182,4,service is nice,2026-06-10
R01094,O02167,4,overall good,2026-02-13
R01095,O03207,4,service is nice,2026-02-14
R01096,O03543,4,overall good,2026-04-19
R01097,O02689,4,service is nice,2026-01-26
R01098,O00279,2,not worth the price,2026-05-28
R01099,O00953,2,not worth the price,2026-02-01
R01100,O02393,4,price is acceptable,2026-01-03
R01101,O03432,5,will buy again,2026-05-23
R01102,O01115,5,fast delivery,2026-06-02
R01103,O01177,5,quality is stable,2026-04-07
R01104,O04088,4,overall good,2026-05-19
R01105,O02093,4,price is acceptable,2026-05-23
R01106,O03825,5,good value,2026-06-04
R01107,O03845,5,quality is stable,2026-05-26
R01108,O00156,1,damaged item,2026-03-29
R01109,O00986,5,will buy again,2026-06-12
R01110,O01171,5,fast delivery,2026-06-12
R01111,O03160,5,fast delivery,2026-05-08
R01112,O03674,4,service is nice,2026-06-11
R01113,O01293,3,average experience,2026-05-08
R01114,O02015,2,quality issue,2026-01-25
R01115,O02985,5,good value,2026-06-07
R01116,O03567,2,quality issue,2026-04-16
R01117,O02722,4,overall good,2026-02-13
R01118,O03548,5,good value,2026-01-06
R01119,O00701,5,good value,2026-05-07
R01120,O02620,5,quality is stable,2026-04-08
R01121,O00645,3,delivery was slow,2026-04-18
R01122,O02136,2,not worth the price,2026-01-02
R01123,O00930,5,good value,2026-03-16
R01124,O01273,4,service is nice,2026-06-26
R01125,O01911,4,overall good,2026-02-21
R01126,O03529,5,fast delivery,2026-05-31
R01127,O00247,4,service is nice,2026-05-11
R01128,O03888,3,packaging can improve,2026-01-23
R01129,O00924,4,price is acceptable,2026-01-26
R01130,O03729,4,price is acceptable,2026-01-06
R01131,O03009,5,quality is stable,2026-03-08
R01132,O01823,4,service is nice,2026-03-01
R01133,O01362,5,good value,2026-04-02
R01134,O02529,5,good value,2026-06-26
R01135,O02640,4,service is nice,2026-04-11
R01136,O02119,2,quality issue,2026-04-14
R01137,O04053,3,packaging can improve,2026-02-02
R01138,O00544,4,price is acceptable,2026-01-27
R01139,O03133,4,service is nice,2026-03-13
R01140,O03668,5,will buy again,2026-01-01
R01141,O03382,4,overall good,2026-01-31
R01142,O00260,3,delivery was slow,2026-02-10
R01143,O03403,4,service is nice,2026-06-27
R01144,O02751,5,quality is stable,2026-01-19
R01145,O00928,4,price is acceptable,2026-04-28
R01146,O00613,4,price is acceptable,2026-04-04
R01147,O01024,4,service is nice,2026-03-21
R01148,O04061,4,overall good,2026-05-18
R01149,O00220,5,quality is stable,2026-05-21
R01150,O04187,4,price is acceptable,2026-03-25
R01151,O00486,4,service is nice,2026-05-18
R01152,O02508,3,packaging can improve,2026-06-25
R01153,O01462,4,service is nice,2026-03-20
R01154,O00259,2,quality issue,2026-03-19
R01155,O03124,4,service is nice,2026-06-20
R01156,O00387,3,delivery was slow,2026-01-14
R01157,O00848,5,will buy again,2026-02-19
R01158,O02782,3,packaging can improve,2026-03-18
R01159,O02173,4,price is acceptable,2026-04-14
R01160,O03098,4,service is nice,2026-02-13
R01161,O04174,3,delivery was slow,2026-06-01
R01162,O01651,4,overall good,2026-02-26
R01163,O03076,5,fast delivery,2026-02-15
R01164,O01951,5,quality is stable,2026-01-09
R01165,O03132,4,service is nice,2026-01-22
R01166,O02759,4,price is acceptable,2026-02-05
R01167,O02898,5,fast delivery,2026-04-28
R01168,O01096,5,fast delivery,2026-02-03
R01169,O03862,5,good value,2026-01-05
R01170,O02382,5,good value,2026-06-27
R01171,O03487,3,delivery was slow,2026-03-07
R01172,O00508,5,good value,2026-04-07
R01173,O00008,4,service is nice,2026-02-04
R01174,O03301,4,overall good,2026-03-12
R01175,O03907,5,good value,2026-04-14
R01176,O03719,4,overall good,2026-04-06
R01177,O02371,4,service is nice,2026-01-27
R01178,O03373,5,fast delivery,2026-03-06
R01179,O00379,5,fast delivery,2026-04-26
R01180,O03005,3,packaging can improve,2026-04-16
R01181,O00679,4,price is acceptable,2026-06-14
R01182,O03739,5,will buy again,2026-04-06
R01183,O03418,4,overall good,2026-01-29
R01184,O01012,2,quality issue,2026-05-27
R01185,O01601,5,will buy again,2026-01-17
R01186,O04040,4,service is nice,2026-04-11
R01187,O00066,5,will buy again,2026-06-28
R01188,O01721,5,quality is stable,2026-06-25
R01189,O03366,5,will buy again,2026-05-07
R01190,O03665,5,quality is stable,2026-05-03
R01191,O02283,4,service is nice,2026-04-03
R01192,O00680,5,fast delivery,2026-03-27
R01193,O02100,5,will buy again,2026-01-08
R01194,O00782,2,bad packaging,2026-01-12
R01195,O03966,3,packaging can improve,2026-01-27
R01196,O03919,5,quality is stable,2026-01-31
R01197,O01624,5,will buy again,2026-04-13
R01198,O03085,5,will buy again,2026-02-03
R01199,O03239,3,packaging can improve,2026-05-20
R01200,O02576,5,good value,2026-04-08
R01201,O02324,4,price is acceptable,2026-01-13
R01202,O00884,4,price is acceptable,2026-06-26
R01203,O01092,5,will buy again,2026-03-09
R01204,O00383,3,packaging can improve,2026-02-02
R01205,O01396,5,good value,2026-03-29
R01206,O03603,2,quality issue,2026-03-26
R01207,O01564,3,delivery was slow,2026-03-05
R01208,O02635,4,price is acceptable,2026-02-20
R01209,O00032,3,delivery was slow,2026-05-17
R01210,O02359,2,quality issue,2026-02-14
R01211,O01785,3,average experience,2026-02-10
R01212,O03106,4,service is nice,2026-03-01
R01213,O00611,4,service is nice,2026-02-15
R01214,O00571,5,will buy again,2026-06-07
R01215,O00344,5,fast delivery,2026-03-10
R01216,O04148,5,quality is stable,2026-05-10
R01217,O03015,4,overall good,2026-03-27
R01218,O03988,3,packaging can improve,2026-01-24
R01219,O03284,5,will buy again,2026-06-01
R01220,O02046,2,not worth the price,2026-05-20
R01221,O04124,5,good value,2026-02-26
R01222,O03669,5,good value,2026-05-23
R01223,O01425,5,quality is stable,2026-02-11
R01224,O02233,5,quality is stable,2026-02-14
R01225,O01136,5,good value,2026-05-02
R01226,O02310,3,packaging can improve,2026-03-12
R01227,O03977,5,fast delivery,2026-06-18
R01228,O00842,5,good value,2026-06-21
R01229,O02719,3,delivery was slow,2026-06-14
R01230,O01335,2,quality issue,2026-01-11
R01231,O00966,2,bad packaging,2026-03-03
R01232,O00529,5,fast delivery,2026-02-11
R01233,O00177,5,quality is stable,2026-05-05
R01234,O00423,2,quality issue,2026-01-04
R01235,O01865,3,delivery was slow,2026-02-26
R01236,O03510,2,quality issue,2026-01-03
R01237,O02196,4,service is nice,2026-05-31
R01238,O00573,5,will buy again,2026-02-14
R01239,O03533,4,price is acceptable,2026-05-27
R01240,O00289,4,service is nice,2026-04-15
R01241,O01407,1,refund requested,2026-01-10
R01242,O01418,4,service is nice,2026-05-23
R01243,O03013,3,delivery was slow,2026-03-06
R01244,O01860,5,fast delivery,2026-05-09
R01245,O03947,5,will buy again,2026-05-02
R01246,O02289,3,delivery was slow,2026-05-26
R01247,O01627,5,fast delivery,2026-06-10
R01248,O03649,4,overall good,2026-01-18
R01249,O01337,5,quality is stable,2026-05-31
R01250,O02026,5,will buy again,2026-04-09
R01251,O03247,3,average experience,2026-01-24
R01252,O00384,4,overall good,2026-01-08
R01253,O03352,4,overall good,2026-01-11
R01254,O00371,5,good value,2026-04-11
R01255,O02481,2,bad packaging,2026-04-15
R01256,O01993,4,price is acceptable,2026-02-07
R01257,O03925,4,overall good,2026-04-10
R01258,O01106,5,fast delivery,2026-01-21
R01259,O01616,4,price is acceptable,2026-01-28
R01260,O01557,3,average experience,2026-02-27
R01261,O02792,2,not worth the price,2026-06-21
R01262,O00142,2,not worth the price,2026-05-21
R01263,O03636,4,overall good,2026-05-19
R01264,O00492,5,good value,2026-06-24
R01265,O00199,4,price is acceptable,2026-06-25
R01266,O04001,4,overall good,2026-05-19
R01267,O01172,3,average experience,2026-06-27
R01268,O01227,4,price is acceptable,2026-03-08
R01269,O03131,5,will buy again,2026-02-12
R01270,O04027,4,price is acceptable,2026-01-24
R01271,O03165,5,will buy again,2026-03-13
R01272,O01704,4,price is acceptable,2026-04-24
R01273,O00196,4,price is acceptable,2026-01-29
R01274,O00875,4,overall good,2026-01-26
R01275,O03024,5,good value,2026-03-09
R01276,O03561,4,price is acceptable,2026-03-29
R01277,O02844,5,good value,2026-06-15
R01278,O00841,4,price is acceptable,2026-01-04
R01279,O00582,3,average experience,2026-02-03
R01280,O03797,5,will buy again,2026-04-12
R01281,O02930,5,quality is stable,2026-05-21
R01282,O00906,4,overall good,2026-04-17
R01283,O00632,4,overall good,2026-05-06
R01284,O02186,4,overall good,2026-04-13
R01285,O02554,5,good value,2026-03-04
R01286,O00163,2,bad packaging,2026-03-17
R01287,O02305,2,quality issue,2026-02-01
R01288,O03130,4,service is nice,2026-04-28
R01289,O01499,4,overall good,2026-04-03
R01290,O03488,5,will buy again,2025-12-31
R01291,O03786,5,good value,2026-02-08
R01292,O00926,4,overall good,2026-03-28
R01293,O03011,5,good value,2026-03-29
R01294,O00548,1,very disappointed,2026-05-02
R01295,O01863,4,price is acceptable,2026-06-24
R01296,O02098,5,will buy again,2026-05-12
R01297,O01648,5,quality is stable,2026-06-18
R01298,O02900,4,overall good,2026-05-24
R01299,O02269,5,will buy again,2026-06-17
R01300,O00612,3,average experience,2026-03-01
R01301,O03077,5,good value,2026-02-12
R01302,O03956,1,very disappointed,2026-06-15
R01303,O02723,3,delivery was slow,2026-05-17
R01304,O02112,4,service is nice,2026-03-02
R01305,O00743,4,price is acceptable,2026-06-09
R01306,O00638,5,will buy again,2026-06-24
R01307,O02319,5,fast delivery,2026-01-09
R01308,O03808,3,average experience,2026-03-30
R01309,O02988,4,service is nice,2026-01-25
R01310,O02111,5,will buy again,2026-01-10
R01311,O01098,5,fast delivery,2026-06-25
R01312,O02250,5,fast delivery,2026-06-20
R01313,O00049,2,not worth the price,2026-06-25
R01314,O01583,3,packaging can improve,2026-01-28
R01315,O00922,5,good value,2026-02-09
R01316,O03852,3,packaging can improve,2026-05-10
R01317,O00757,3,average experience,2026-02-15
R01318,O01554,1,very disappointed,2026-02-20
R01319,O03779,5,will buy again,2026-04-10
R01320,O02995,5,good value,2026-04-02
R01321,O03750,4,overall good,2026-06-04
R01322,O01980,1,damaged item,2026-05-30
R01323,O02537,5,fast delivery,2026-01-12
R01324,O02453,4,price is acceptable,2026-05-22
R01325,O00837,3,packaging can improve,2026-01-11
R01326,O01739,1,damaged item,2026-03-13
R01327,O02632,3,packaging can improve,2026-06-03
R01328,O03811,1,damaged item,2026-01-19
R01329,O01502,4,overall good,2026-04-01
R01330,O03008,3,average experience,2026-05-15
R01331,O01559,4,service is nice,2026-01-15
R01332,O01071,5,good value,2026-02-19
R01333,O03976,4,service is nice,2026-03-11
R01334,O01685,5,good value,2026-06-02
R01335,O02158,5,quality is stable,2026-05-24
R01336,O02830,2,bad packaging,2026-01-05
R01337,O03895,5,will buy again,2026-05-30
R01338,O02785,4,overall good,2026-01-07
R01339,O03266,4,service is nice,2026-06-04
R01340,O02544,4,overall good,2026-04-17
R01341,O01861,4,overall good,2026-02-21
R01342,O01546,4,service is nice,2026-05-01
R01343,O03337,3,delivery was slow,2026-03-10
R01344,O02409,5,good value,2026-04-28
R01345,O02447,1,damaged item,2026-04-18
R01346,O02821,2,not worth the price,2026-04-28
R01347,O03538,5,will buy again,2025-12-31
R01348,O01815,5,fast delivery,2026-06-15
R01349,O01833,5,good value,2026-05-22
R01350,O03358,3,delivery was slow,2026-05-10
R01351,O03858,2,bad packaging,2026-05-06
R01352,O03392,3,packaging can improve,2026-04-01
R01353,O03655,4,price is acceptable,2026-04-14
R01354,O01451,1,damaged item,2026-01-09
R01355,O00868,5,will buy again,2026-04-17
R01356,O00927,5,fast delivery,2026-01-29
R01357,O01741,4,service is nice,2026-05-17
R01358,O00998,5,will buy again,2026-05-31
R01359,O01338,5,will buy again,2026-01-14
R01360,O03265,5,will buy again,2026-03-16
R01361,O01100,4,price is acceptable,2026-04-24
R01362,O01133,4,service is nice,2026-05-26
R01363,O01567,4,price is acceptable,2026-02-15
R01364,O01794,5,fast delivery,2026-02-04
R01365,O00211,4,price is acceptable,2026-04-15
R01366,O03042,3,average experience,2026-06-07
R01367,O02982,4,service is nice,2026-01-22
R01368,O00060,4,overall good,2026-05-21
R01369,O01212,5,good value,2026-03-03
R01370,O02685,4,service is nice,2026-05-04
R01371,O01622,5,good value,2026-06-06
R01372,O04142,4,overall good,2026-06-17
R01373,O01399,5,quality is stable,2026-04-10
R01374,O00766,5,fast delivery,2026-02-11
R01375,O02553,3,packaging can improve,2026-02-09
R01376,O01420,4,overall good,2026-01-15
R01377,O01079,5,fast delivery,2026-05-05
R01378,O01403,5,good value,2026-03-26
R01379,O02652,4,overall good,2026-01-18
R01380,O02814,4,overall good,2026-06-18
R01381,O01727,4,service is nice,2026-04-30
R01382,O02234,1,damaged item,2026-03-28
R01383,O00583,2,quality issue,2026-03-16
R01384,O03179,2,not worth the price,2026-02-02
R01385,O01508,5,quality is stable,2026-01-29
R01386,O02429,5,good value,2026-03-19
R01387,O00941,4,price is acceptable,2026-03-18
R01388,O01081,5,quality is stable,2026-03-01
R01389,O00188,4,price is acceptable,2026-04-17
R01390,O00942,5,fast delivery,2026-03-05
R01391,O02502,2,bad packaging,2026-01-20
R01392,O02943,4,overall good,2026-04-27
R01393,O01654,5,good value,2026-01-21
R01394,O04106,5,fast delivery,2026-02-03
R01395,O01750,2,quality issue,2026-06-17
R01396,O01984,4,service is nice,2026-06-19
R01397,O00227,5,quality is stable,2026-05-29
R01398,O01887,4,overall good,2026-04-17
R01399,O00536,5,quality is stable,2026-01-03
R01400,O03023,3,packaging can improve,2026-01-07
